<?xml version="1.0"?>
<data grt_format="2.0">
  <value _ptr_="0x5651ff637730" type="list" content-type="object" content-struct-name="db.mgmt.Connection">
    <value type="object" struct-name="db.mgmt.Connection" id="4216972b-85be-11e6-9032-5cc9d33e5ac5" struct-checksum="0x96ba47d8">
      <link type="object" struct-name="db.mgmt.Driver" key="driver">com.mysql.rdbms.mysql.driver.native</link>
      <value type="string" key="hostIdentifier">Mysql@127.0.0.1:3306</value>
      <value type="int" key="isDefault">1</value>
      <value _ptr_="0x5651ff77e730" type="dict" key="modules"/>
      <value _ptr_="0x5651ff77e7b0" type="dict" key="parameterValues">
        <value type="string" key="DbSqlEditor:LastDefaultSchema">CV DataBase</value>
        <value type="int" key="OPT_READ_TIMEOUT">300</value>
        <value type="string" key="SQL_MODE"></value>
        <value type="string" key="hostName">127.0.0.1</value>
        <value type="int" key="lastConnected">1501703566</value>
        <value type="string" key="password"></value>
        <value type="int" key="port">3306</value>
        <value type="string" key="schema"></value>
        <value type="string" key="serverVersion">5.7.18-0ubuntu0.16.10.1</value>
        <value type="string" key="sslCA"></value>
        <value type="string" key="sslCert"></value>
        <value type="string" key="sslCipher"></value>
        <value type="string" key="sslKey"></value>
        <value type="int" key="useSSL">1</value>
        <value type="string" key="userName">root</value>
      </value>
      <value type="string" key="name">localhost</value>
      <link type="object" struct-name="GrtObject" key="owner">8cede723-77c0-11e7-8325-7824afba94f2</link>
    </value>
    <value type="object" struct-name="db.mgmt.Connection" id="f0df010b-77be-11e7-8325-7824afba94f2" struct-checksum="0x96ba47d8">
      <link type="object" struct-name="db.mgmt.Driver" key="driver">com.mysql.rdbms.mysql.driver.native</link>
      <value type="string" key="hostIdentifier">Mysql@127.0.0.1:3306</value>
      <value type="int" key="isDefault">0</value>
      <value _ptr_="0x5651ff8b9890" type="dict" key="modules"/>
      <value _ptr_="0x5651ff8b9910" type="dict" key="parameterValues">
        <value type="string" key="DbSqlEditor:LastDefaultSchema">CV DataBase</value>
        <value type="string" key="SQL_MODE"></value>
        <value type="string" key="hostName">127.0.0.1</value>
        <value type="int" key="lastConnected">1501705466</value>
        <value type="string" key="password"></value>
        <value type="int" key="port">3306</value>
        <value type="string" key="schema"></value>
        <value type="string" key="serverVersion">5.7.18-0ubuntu0.16.10.1</value>
        <value type="string" key="sslCA"></value>
        <value type="string" key="sslCert"></value>
        <value type="string" key="sslCipher"></value>
        <value type="string" key="sslKey"></value>
        <value type="int" key="useSSL">1</value>
        <value type="string" key="userName">root</value>
      </value>
      <value type="string" key="name">cv</value>
      <link type="object" struct-name="GrtObject" key="owner">8cede723-77c0-11e7-8325-7824afba94f2</link>
    </value>
  </value>
</data>
