<?xml version="1.0"?>
<data grt_format="2.0">
  <value _ptr_="0x5651ff638a10" type="list" content-type="object" content-struct-name="db.mgmt.ServerInstance">
    <value type="object" struct-name="db.mgmt.ServerInstance" id="46f8af80-85be-11e6-9032-5cc9d33e5ac5" struct-checksum="0x367436e2">
      <link type="object" struct-name="db.mgmt.Connection" key="connection">4216972b-85be-11e6-9032-5cc9d33e5ac5</link>
      <value _ptr_="0x5651ff77ced0" type="dict" key="loginInfo">
        <value type="string" key="ssh.hostName"></value>
        <value type="string" key="ssh.key">~/.ssh/ssh_private_key</value>
        <value type="string" key="ssh.localPort">3306</value>
        <value type="int" key="ssh.useKey">0</value>
        <value type="string" key="ssh.userName">mysql</value>
      </value>
      <value _ptr_="0x5651ff77cf50" type="dict" key="serverInfo">
        <value type="string" key="basedir">/usr/</value>
        <value type="string" key="datadir">/var/lib/mysql/</value>
        <value type="string" key="detected_os_name">Linux</value>
        <value type="string" key="detected_os_type">linux</value>
        <value type="string" key="detected_os_variant">Ubuntu</value>
        <value type="string" key="detected_os_version">17.04</value>
        <value type="string" key="errorLogFilePath">/var/log/mysql/error.log</value>
        <value type="string" key="generalLogFilePath">/var/lib/mysql/silveira.log</value>
        <value type="string" key="serverVersion">5.7.18-0ubuntu0.16.10.1</value>
        <value type="int" key="setupPending">0</value>
        <value type="string" key="slowLogFilePath">/var/lib/mysql/silveira-slow.log</value>
        <value type="string" key="sys.config.path">/etc/mysql/my.cnf</value>
        <value type="string" key="sys.config.section">mysqld</value>
        <value type="string" key="sys.mysqld.start">/etc/init.d/mysql start</value>
        <value type="string" key="sys.mysqld.stop">/etc/init.d/mysql stop</value>
        <value type="string" key="sys.sudo"></value>
        <value type="string" key="sys.system">Linux</value>
        <value type="int" key="sys.usesudo">1</value>
        <value type="int" key="sys.usesudostatus">0</value>
      </value>
      <value type="string" key="name">localhost</value>
    </value>
    <value type="object" struct-name="db.mgmt.ServerInstance" id="3f1acb06-77bf-11e7-8325-7824afba94f2" struct-checksum="0x367436e2">
      <link type="object" struct-name="db.mgmt.Connection" key="connection">f0df010b-77be-11e7-8325-7824afba94f2</link>
      <value _ptr_="0x5651ff8bae30" type="dict" key="loginInfo">
        <value type="string" key="ssh.hostName"></value>
        <value type="string" key="ssh.key">~/.ssh/ssh_private_key</value>
        <value type="string" key="ssh.localPort">3306</value>
        <value type="int" key="ssh.useKey">0</value>
        <value type="string" key="ssh.userName">mysql</value>
      </value>
      <value _ptr_="0x5651ff8baeb0" type="dict" key="serverInfo">
        <value type="string" key="serverVersion">5.7</value>
        <value type="int" key="setupPending">1</value>
        <value type="string" key="sys.config.path">/etc/mysql/my.cnf</value>
        <value type="string" key="sys.config.section">mysqld</value>
        <value type="string" key="sys.mysqld.start">/etc/init.d/mysql start</value>
        <value type="string" key="sys.mysqld.stop">/etc/init.d/mysql stop</value>
        <value type="string" key="sys.system">Linux</value>
        <value type="int" key="sys.usesudo">1</value>
      </value>
      <value type="string" key="name">cv</value>
    </value>
  </value>
</data>
